<?xml version="1.0" encoding="UTF-8"?>
<!--
 Licensed to the Apache Software Foundation (ASF) under one or more
 contributor license agreements.  See the NOTICE file distributed with
 this work for additional information regarding copyright ownership.
 The ASF licenses this file to You under the Apache License, Version 2.0
 (the "License"); you may not use this file except in compliance with
 the License.  You may obtain a copy of the License at

      http://www.apache.org/licenses/LICENSE-2.0

 Unless required by applicable law or agreed to in writing, software
 distributed under the License is distributed on an "AS IS" BASIS,
 WITHOUT WARRANTIES OR CONDITIONS OF ANY KIND, either express or implied.
 See the License for the specific language governing permissions and
 limitations under the License.

-->
<project name="Logging Services"
         href="http://logging.apache.org/">

  <title>log4cxx</title>
  <!-- <logo href="images/logo.jpg">Apache Logging Services</logo> -->
  <copyright year="2004-2006" />
  
  <body>
    
    <menu name="Apache">
     <item name="Apache Home" href="http://www.apache.org" />
     <item name="Logging Services" href="http://logging.apache.org/" />
    </menu>

   <menu name="log4cxx project">
     <item name="Introduction" href="/index.html"/>
     <item name="Download" href="/download.html"/>
     <item name="Documentation" href="/manual/Introduction.html"/>
     <item name="SVN Repositories" href="http://logging.apache.org/site/cvs-repositories.html"/>
     <item name="Mailing Lists" href="http://logging.apache.org/site/mailing-lists.html"/>
     <item name="Bug Reporting" href="http://logging.apache.org/site/bugreport.html"/>
   </menu>

   </body>
</project>
